{"cameraMode":{"drawMode":0,"name":"Shaded","section":"Shading Mode"},"sceneLighting":true,"audioPlay":false,"sceneViewState":{"showFog":true,"showMaterialUpdate":false,"showSkybox":true,"showFlares":true,"showImageEffects":true,"showParticleSystems":true},"in2DMode":false,"pivot":{"x":84.88533020019531,"y":7.318203926086426,"z":-13.48248291015625},"rotation":{"x":0.04330787807703018,"y":-0.7099611759185791,"z":0.044066593050956729,"w":0.7019656896591187},"size":7.088723659515381,"orthographic":false}