{"cameraMode":{"drawMode":0,"name":"Shaded","section":"Shading Mode"},"sceneLighting":true,"audioPlay":false,"sceneViewState":{"showFog":true,"showMaterialUpdate":false,"showSkybox":true,"showFlares":true,"showImageEffects":true,"showParticleSystems":true},"in2DMode":false,"pivot":{"x":-231.6807861328125,"y":247.67221069335938,"z":-17.947608947753908},"rotation":{"x":-0.19647030532360078,"y":-0.7823744416236877,"z":0.3030571937561035,"w":-0.5085049867630005},"size":7.088723659515381,"orthographic":false}