{"cameraMode":{"drawMode":0,"name":"Shaded","section":"Shading Mode"},"sceneLighting":true,"audioPlay":false,"sceneViewState":{"showFog":true,"showMaterialUpdate":false,"showSkybox":true,"showFlares":true,"showImageEffects":true,"showParticleSystems":true},"in2DMode":false,"pivot":{"x":-417.7926940917969,"y":1079.5902099609375,"z":150.05569458007813},"rotation":{"x":0.012383912689983845,"y":0.9872931241989136,"z":-0.07728584855794907,"w":0.14175963401794434},"size":7.088723659515381,"orthographic":false}