{"cameraMode":{"drawMode":0,"name":"Shaded","section":"Shading Mode"},"sceneLighting":true,"audioPlay":false,"sceneViewState":{"showFog":true,"showMaterialUpdate":false,"showSkybox":true,"showFlares":true,"showImageEffects":true,"showParticleSystems":true},"in2DMode":false,"pivot":{"x":-15.365442276000977,"y":-3.98150897026062,"z":13.256247520446778},"rotation":{"x":-0.23515355587005616,"y":-0.015800412744283677,"z":0.0025483490899205209,"w":-0.9721782803535461},"size":7.088723659515381,"orthographic":false}